,image_path,label
324,brain/yes/y1346.jpg,1.0
579,brain/no/no1320.jpg,0.0
1221,brain/yes/y1149.jpg,1.0
1079,brain/yes/y676.jpg,1.0
1093,brain/no/no798.jpg,0.0
1378,brain/no/no96.jpg,0.0
230,brain/no/no530.jpg,0.0
1482,brain/no/no315.jpg,0.0
139,brain/no/no723.jpg,0.0
864,brain/yes/y11.jpg,1.0
186,brain/no/no681.jpg,0.0
1151,brain/no/no846.jpg,0.0
657,brain/no/no585.jpg,0.0
782,brain/no/no1332.jpg,0.0
519,brain/yes/y1335.jpg,1.0
929,brain/yes/y843.jpg,1.0
577,brain/yes/y297.jpg,1.0
360,brain/no/no1219.jpg,0.0
67,brain/yes/y787.jpg,1.0
189,brain/yes/y1194.jpg,1.0
1316,brain/yes/y410.jpg,1.0
478,brain/yes/y1282.jpg,1.0
1495,brain/no/no1172.jpg,0.0
1108,brain/no/no1298.jpg,0.0
81,brain/no/no331.jpg,0.0
330,brain/yes/y1385.jpg,1.0
1166,brain/yes/y1174.jpg,1.0
578,brain/yes/y1295.jpg,1.0
1493,brain/no/no665.jpg,0.0
710,brain/no/no1455.jpg,0.0
1162,brain/yes/y406.jpg,1.0
23,brain/no/no318.jpg,0.0
1417,brain/yes/y1429.jpg,1.0
987,brain/yes/y1317.jpg,1.0
123,brain/no/no1395.jpg,0.0
390,brain/yes/y1031.jpg,1.0
116,brain/no/no1356.jpg,0.0
620,brain/yes/y1322.jpg,1.0
226,brain/no/no518.jpg,0.0
844,brain/yes/y698.jpg,1.0
564,brain/yes/y533.jpg,1.0
1271,brain/yes/y968.jpg,1.0
734,brain/yes/y496.jpg,1.0
476,brain/no/no346.jpg,0.0
59,brain/yes/y91.jpg,1.0
169,brain/yes/y92.jpg,1.0
1097,brain/no/no969.jpg,0.0
1483,brain/no/no1370.jpg,0.0
1152,brain/yes/y313.jpg,1.0
260,brain/no/no48.jpg,0.0
147,brain/yes/y93.jpg,1.0
1035,brain/no/no375.jpg,0.0
51,brain/yes/y590.jpg,1.0
663,brain/no/no552.jpg,0.0
1051,brain/yes/y1110.jpg,1.0
954,brain/no/no1315.jpg,0.0
391,brain/yes/y755.jpg,1.0
384,brain/no/no644.jpg,0.0
575,brain/yes/y283.jpg,1.0
1030,brain/yes/y1272.jpg,1.0
1317,brain/yes/y376.jpg,1.0
864,brain/no/no398.jpg,0.0
155,brain/no/no285.jpg,0.0
48,brain/yes/y235.jpg,1.0
1290,brain/no/no78.jpg,0.0
573,brain/yes/y27.jpg,1.0
181,brain/yes/y1037.jpg,1.0
1154,brain/no/no1374.jpg,0.0
1194,brain/yes/y599.jpg,1.0
677,brain/no/no426.jpg,0.0
565,brain/no/no1240.jpg,0.0
890,brain/yes/y114.jpg,1.0
667,brain/yes/y1252.jpg,1.0
127,brain/yes/y632.jpg,1.0
1154,brain/yes/y1362.jpg,1.0
114,brain/yes/y430.jpg,1.0
968,brain/yes/y117.jpg,1.0
959,brain/yes/y705.jpg,1.0
1401,brain/no/no855.jpg,0.0
650,brain/yes/y873.jpg,1.0
994,brain/yes/y339.jpg,1.0
820,brain/no/no206.jpg,0.0
1034,brain/no/no1310.jpg,0.0
146,brain/yes/y1234.jpg,1.0
604,brain/no/no194.jpg,0.0
216,brain/yes/y435.jpg,1.0
1136,brain/no/no1111.jpg,0.0
1211,brain/no/no476.jpg,0.0
1221,brain/no/no106.jpg,0.0
89,brain/no/no899.jpg,0.0
85,brain/no/no1181.jpg,0.0
847,brain/yes/y1063.jpg,1.0
292,brain/no/no109.jpg,0.0
39,brain/no/no287.jpg,0.0
15,brain/yes/y1155.jpg,1.0
963,brain/no/no628.jpg,0.0
1323,brain/no/no897.jpg,0.0
1464,brain/yes/y210.jpg,1.0
1037,brain/no/no1476.jpg,0.0
253,brain/yes/y1219.jpg,1.0
1209,brain/yes/y942.jpg,1.0
128,brain/no/no247.jpg,0.0
1246,brain/no/no474.jpg,0.0
620,brain/no/no209.jpg,0.0
849,brain/no/no1074.jpg,0.0
843,brain/yes/y840.jpg,1.0
1370,brain/no/no1005.jpg,0.0
975,brain/no/no1113.jpg,0.0
531,brain/no/no1282.jpg,0.0
163,brain/yes/y79.jpg,1.0
496,brain/no/no146.jpg,0.0
1412,brain/no/no882.jpg,0.0
85,brain/yes/y624.jpg,1.0
845,brain/yes/y868.jpg,1.0
857,brain/no/no575.jpg,0.0
851,brain/yes/y934.jpg,1.0
574,brain/yes/y26.jpg,1.0
655,brain/yes/y1044.jpg,1.0
1441,brain/yes/y991.jpg,1.0
1322,brain/yes/y1360.jpg,1.0
579,brain/yes/y1281.jpg,1.0
1381,brain/yes/y944.jpg,1.0
588,brain/yes/y1097.jpg,1.0
222,brain/yes/y384.jpg,1.0
1141,brain/yes/y677.jpg,1.0
462,brain/yes/y524.jpg,1.0
80,brain/no/no1354.jpg,0.0
649,brain/no/no977.jpg,0.0
72,brain/no/no319.jpg,0.0
1198,brain/yes/y67.jpg,1.0
100,brain/no/no1154.jpg,0.0
366,brain/no/no1423.jpg,0.0
29,brain/yes/y779.jpg,1.0
216,brain/no/no1421.jpg,0.0
63,brain/yes/y208.jpg,1.0
524,brain/no/no224.jpg,0.0
525,brain/no/no1269.jpg,0.0
298,brain/yes/y1152.jpg,1.0
1049,brain/yes/y648.jpg,1.0
823,brain/no/No19.jpg,0.0
1455,brain/no/no923.jpg,0.0
662,brain/no/no546.jpg,0.0
1395,brain/yes/y8.jpg,1.0
1159,brain/yes/y374.jpg,1.0
1163,brain/no/no503.jpg,0.0
133,brain/yes/y197.jpg,1.0
668,brain/yes/y293.jpg,1.0
422,brain/yes/y437.jpg,1.0
800,brain/yes/y695.jpg,1.0
873,brain/yes/y1260.jpg,1.0
1448,brain/no/no94.jpg,0.0
233,brain/no/no242.jpg,0.0
778,brain/yes/y285.jpg,1.0
1337,brain/yes/y164.jpg,1.0
542,brain/yes/y1109.jpg,1.0
1059,brain/no/no607.jpg,0.0
1426,brain/no/no328.jpg,0.0
700,brain/no/no1125.jpg,0.0
826,brain/no/no212.jpg,0.0
1206,brain/no/no1361.jpg,0.0
808,brain/no/no825.jpg,0.0
123,brain/yes/y5.jpg,1.0
319,brain/yes/y350.jpg,1.0
433,brain/yes/y444.jpg,1.0
1330,brain/yes/y414.jpg,1.0
1272,brain/no/no925.jpg,0.0
511,brain/yes/y492.jpg,1.0
736,brain/no/no746.jpg,0.0
41,brain/yes/y209.jpg,1.0
1066,brain/yes/y1448.jpg,1.0
614,brain/yes/y334.jpg,1.0
1164,brain/no/no1200.jpg,0.0
145,brain/no/no904.jpg,0.0
367,brain/no/no446.jpg,0.0
143,brain/no/no938.jpg,0.0
698,brain/no/no632.jpg,0.0
1290,brain/yes/y570.jpg,1.0
1174,brain/yes/y189.jpg,1.0
592,brain/yes/y1068.jpg,1.0
1005,brain/yes/y1111.jpg,1.0
1340,brain/no/no471.jpg,0.0
1163,brain/yes/y360.jpg,1.0
942,brain/no/no33.jpg,0.0
456,brain/yes/y915.jpg,1.0
1355,brain/yes/y979.jpg,1.0
1391,brain/yes/y830.jpg,1.0
677,brain/yes/y286.jpg,1.0
1385,brain/yes/y987.jpg,1.0
467,brain/yes/y1297.jpg,1.0
1125,brain/no/no1313.jpg,0.0
644,brain/no/no787.jpg,0.0
13,brain/yes/y382.jpg,1.0
899,brain/yes/y302.jpg,1.0
22,brain/no/no1369.jpg,0.0
1326,brain/yes/y400.jpg,1.0
472,brain/no/no408.jpg,0.0
436,brain/yes/y493.jpg,1.0
615,brain/no/no1481.jpg,0.0
922,brain/yes/y894.jpg,1.0
1369,brain/no/no935.jpg,0.0
394,brain/yes/y999.jpg,1.0
688,brain/yes/y906.jpg,1.0
255,brain/no/no525.jpg,0.0
142,brain/no/no9.jpg,0.0
537,brain/yes/y490.jpg,1.0
806,brain/yes/y656.jpg,1.0
510,brain/yes/y486.jpg,1.0
375,brain/yes/y1227.jpg,1.0
268,brain/no/no486.jpg,0.0
1130,brain/yes/y844.jpg,1.0
818,brain/no/no1459.jpg,0.0
507,brain/yes/y1137.jpg,1.0
136,brain/yes/y1036.jpg,1.0
703,brain/yes/y1131.jpg,1.0
489,brain/no/no1121.jpg,0.0
259,brain/no/no1232.jpg,0.0
386,brain/yes/y796.jpg,1.0
937,brain/yes/y937.jpg,1.0
0,brain/no/no1157.jpg,0.0
975,brain/yes/y881.jpg,1.0
859,brain/yes/y263.jpg,1.0
333,brain/yes/y1178.jpg,1.0
942,brain/yes/y512.jpg,1.0
145,brain/yes/y578.jpg,1.0
1082,brain/yes/y662.jpg,1.0
1279,brain/yes/y203.jpg,1.0
614,brain/no/no1456.jpg,0.0
793,brain/no/no1130.jpg,0.0
1032,brain/no/no229.jpg,0.0
252,brain/no/no1018.jpg,0.0
1318,brain/yes/y1348.jpg,1.0
98,brain/no/no643.jpg,0.0
479,brain/yes/y19.jpg,1.0
925,brain/no/no952.jpg,0.0
597,brain/yes/y693.jpg,1.0
889,brain/no/no1116.jpg,0.0
289,brain/no/no647.jpg,0.0
1287,brain/no/no529.jpg,0.0
855,brain/yes/y1275.jpg,1.0
1214,brain/yes/y995.jpg,1.0
1199,brain/yes/y598.jpg,1.0
7,brain/no/no668.jpg,0.0
276,brain/no/no445.jpg,0.0
288,brain/no/no653.jpg,0.0
540,brain/yes/y1121.jpg,1.0
1111,brain/yes/y29.jpg,1.0
389,brain/yes/y1025.jpg,1.0
694,brain/yes/y721.jpg,1.0
270,brain/yes/y1230.jpg,1.0
685,brain/yes/y251.jpg,1.0
1296,brain/no/no449.jpg,0.0
276,brain/yes/y554.jpg,1.0
1031,brain/yes/y258.jpg,1.0
19,brain/yes/y143.jpg,1.0
1395,brain/no/no302.jpg,0.0
4,brain/no/no898.jpg,0.0
242,brain/no/no915.jpg,0.0
629,brain/yes/y318.jpg,1.0
1,brain/no/no132.jpg,0.0
169,brain/no/no483.jpg,0.0
1463,brain/yes/y238.jpg,1.0
583,brain/yes/y254.jpg,1.0
754,brain/no/no1050.jpg,0.0
131,brain/no/no58.jpg,0.0
876,brain/no/no830.jpg,0.0
1074,brain/yes/y1462.jpg,1.0
1255,brain/yes/y161.jpg,1.0
1213,brain/no/no1375.jpg,0.0
817,brain/yes/y440.jpg,1.0
162,brain/no/no59.jpg,0.0
359,brain/yes/y81.jpg,1.0
1024,brain/no/no201.jpg,0.0
686,brain/yes/y537.jpg,1.0
1268,brain/yes/y954.jpg,1.0
708,brain/no/no418.jpg,0.0
958,brain/no/no1467.jpg,0.0
350,brain/yes/y1018.jpg,1.0
1157,brain/yes/y1410.jpg,1.0
1057,brain/yes/y489.jpg,1.0
334,brain/yes/y634.jpg,1.0
414,brain/yes/y379.jpg,1.0
591,brain/no/no621.jpg,0.0
592,brain/no/no147.jpg,0.0
39,brain/yes/y792.jpg,1.0
1230,brain/yes/y407.jpg,1.0
870,brain/no/no1302.jpg,0.0
1382,brain/yes/y950.jpg,1.0
1012,brain/yes/y1059.jpg,1.0
847,brain/no/no993.jpg,0.0
607,brain/no/no1442.jpg,0.0
690,brain/no/no142.jpg,0.0
1283,brain/yes/y64.jpg,1.0
183,brain/no/no695.jpg,0.0
211,brain/yes/y1433.jpg,1.0
1117,brain/no/no558.jpg,0.0
248,brain/yes/y970.jpg,1.0
1053,brain/yes/y112.jpg,1.0
99,brain/yes/y432.jpg,1.0
705,brain/yes/y1119.jpg,1.0
966,brain/no/no614.jpg,0.0
1214,brain/no/no847.jpg,0.0
1009,brain/no/no957.jpg,0.0
1131,brain/yes/y688.jpg,1.0
159,brain/no/no508.jpg,0.0
80,brain/yes/y803.jpg,1.0
88,brain/yes/y156.jpg,1.0
403,brain/yes/y609.jpg,1.0
143,brain/yes/y785.jpg,1.0
999,brain/yes/y661.jpg,1.0
1352,brain/yes/y992.jpg,1.0
1106,brain/no/no1059.jpg,0.0
374,brain/yes/y43.jpg,1.0
21,brain/no/no1427.jpg,0.0
585,brain/yes/y268.jpg,1.0
1140,brain/yes/y663.jpg,1.0
1204,brain/no/no338.jpg,0.0
423,brain/no/no1256.jpg,0.0
1202,brain/yes/y201.jpg,1.0
1304,brain/yes/y809.jpg,1.0
1494,brain/yes/y1366.jpg,1.0
332,brain/yes/y152.jpg,1.0
919,brain/no/no1076.jpg,0.0
73,brain/yes/y1008.jpg,1.0
393,brain/yes/y741.jpg,1.0
217,brain/no/no1435.jpg,0.0
1060,brain/yes/y1312.jpg,1.0
908,brain/no/no211.jpg,0.0
949,brain/yes/y13.jpg,1.0
713,brain/no/no342.jpg,0.0
482,brain/no/no811.jpg,0.0
1427,brain/no/no1359.jpg,0.0
816,brain/no/no366.jpg,0.0
831,brain/yes/y465.jpg,1.0
815,brain/no/no1303.jpg,0.0
48,brain/no/no912.jpg,0.0
49,brain/no/no906.jpg,0.0
733,brain/no/no593.jpg,0.0
515,brain/no/no387.jpg,0.0
506,brain/yes/y653.jpg,1.0
869,brain/yes/y510.jpg,1.0
665,brain/yes/y1246.jpg,1.0
512,brain/no/no350.jpg,0.0
117,brain/no/no1430.jpg,0.0
385,brain/no/no888.jpg,0.0
99,brain/no/no657.jpg,0.0
1220,brain/no/no660.jpg,0.0
971,brain/no/no162.jpg,0.0
1434,brain/no/no300.jpg,0.0
448,brain/no/no1082.jpg,0.0
241,brain/no/no726.jpg,0.0
174,brain/yes/y784.jpg,1.0
1011,brain/no/no1098.jpg,0.0
181,brain/no/no871.jpg,0.0
142,brain/yes/y949.jpg,1.0
231,brain/yes/y179.jpg,1.0
801,brain/yes/y118.jpg,1.0
1319,brain/no/no663.jpg,0.0
839,brain/yes/y673.jpg,1.0
170,brain/no/no1380.jpg,0.0
1195,brain/yes/y66.jpg,1.0
539,brain/yes/y679.jpg,1.0
14,brain/yes/y1141.jpg,1.0
919,brain/yes/y1114.jpg,1.0
305,brain/yes/y1393.jpg,1.0
815,brain/yes/y468.jpg,1.0
604,brain/yes/y122.jpg,1.0
464,brain/no/no1243.jpg,0.0
1006,brain/yes/y1105.jpg,1.0
987,brain/no/no1311.jpg,0.0
1095,brain/no/no954.jpg,0.0
129,brain/no/no1222.jpg,0.0
1400,brain/yes/y171.jpg,1.0
50,brain/yes/y584.jpg,1.0
1278,brain/yes/y1229.jpg,1.0
441,brain/yes/y134.jpg,1.0
1261,brain/no/no92.jpg,0.0
110,brain/no/no870.jpg,0.0
468,brain/no/no385.jpg,0.0
908,brain/yes/y1470.jpg,1.0
719,brain/no/no381.jpg,0.0
1398,brain/no/no1429.jpg,0.0
413,brain/no/no390.jpg,0.0
652,brain/yes/y1078.jpg,1.0
1481,brain/no/no301.jpg,0.0
796,brain/yes/y865.jpg,1.0
764,brain/yes/y1251.jpg,1.0
1101,brain/no/no772.jpg,0.0
884,brain/no/no171.jpg,0.0
1249,brain/yes/y377.jpg,1.0
65,brain/no/no523.jpg,0.0
846,brain/no/no1048.jpg,0.0
368,brain/no/no320.jpg,0.0
596,brain/yes/y1040.jpg,1.0
117,brain/yes/y1383.jpg,1.0
1457,brain/no/no936.jpg,0.0
955,brain/no/no370.jpg,0.0
1102,brain/yes/y514.jpg,1.0
1408,brain/no/no100.jpg,0.0
944,brain/yes/y260.jpg,1.0
1222,brain/yes/y163.jpg,1.0
286,brain/yes/y1026.jpg,1.0
321,brain/no/no1387.jpg,0.0
190,brain/no/no656.jpg,0.0
1168,brain/no/no517.jpg,0.0
1278,brain/no/no1.jpg,0.0
1399,brain/yes/y617.jpg,1.0
544,brain/yes/y651.jpg,1.0
1183,brain/yes/y770.jpg,1.0
925,brain/yes/y102.jpg,1.0
1428,brain/yes/y601.jpg,1.0
407,brain/no/no1444.jpg,0.0
47,brain/no/no913.jpg,0.0
406,brain/yes/y147.jpg,1.0
120,brain/yes/y1156.jpg,1.0
1317,brain/no/no105.jpg,0.0
1451,brain/yes/y239.jpg,1.0
690,brain/yes/y1086.jpg,1.0
1356,brain/no/no97.jpg,0.0
1485,brain/no/no473.jpg,0.0
1419,brain/no/no1173.jpg,0.0
1103,brain/no/no1065.jpg,0.0
562,brain/no/No12.jpg,0.0
456,brain/no/no1280.jpg,0.0
430,brain/yes/y336.jpg,1.0
551,brain/yes/y1041.jpg,1.0
661,brain/no/no1245.jpg,0.0
1292,brain/yes/y1214.jpg,1.0
1016,brain/yes/y1071.jpg,1.0
746,brain/no/no948.jpg,0.0
487,brain/yes/y519.jpg,1.0
865,brain/no/no1458.jpg,0.0
164,brain/no/no534.jpg,0.0
50,brain/no/no709.jpg,0.0
293,brain/yes/y193.jpg,1.0
559,brain/no/no594.jpg,0.0
786,brain/no/no196.jpg,0.0
328,brain/no/no527.jpg,0.0
1431,brain/no/no1417.jpg,0.0
1256,brain/yes/y175.jpg,1.0
1075,brain/yes/y448.jpg,1.0
895,brain/yes/y128.jpg,1.0
1177,brain/no/no701.jpg,0.0
46,brain/yes/y553.jpg,1.0
1013,brain/no/no1099.jpg,0.0
1004,brain/yes/y885.jpg,1.0
362,brain/no/no485.jpg,0.0
393,brain/no/no1120.jpg,0.0
81,brain/yes/y817.jpg,1.0
1052,brain/no/no605.jpg,0.0
156,brain/yes/y593.jpg,1.0
90,brain/no/no641.jpg,0.0
1258,brain/yes/y820.jpg,1.0
134,brain/no/no64.jpg,0.0
508,brain/yes/y109.jpg,1.0
466,brain/no/no540.jpg,0.0
910,brain/yes/y1302.jpg,1.0
1138,brain/no/no1139.jpg,0.0
445,brain/no/no795.jpg,0.0
1088,brain/yes/y879.jpg,1.0
1179,brain/yes/y1000.jpg,1.0
818,brain/yes/y326.jpg,1.0
1284,brain/no/no93.jpg,0.0
432,brain/yes/y1308.jpg,1.0
920,brain/yes/y658.jpg,1.0
416,brain/no/no384.jpg,0.0
642,brain/yes/y1118.jpg,1.0
563,brain/yes/y1257.jpg,1.0
1087,brain/yes/y886.jpg,1.0
1104,brain/no/no766.jpg,0.0
17,brain/yes/y631.jpg,1.0
946,brain/no/no210.jpg,0.0
1070,brain/yes/y474.jpg,1.0
1046,brain/no/no822.jpg,0.0
707,brain/no/no1469.jpg,0.0
840,brain/no/no789.jpg,0.0
1482,brain/yes/y1164.jpg,1.0
1076,brain/no/no559.jpg,0.0
941,brain/yes/y1276.jpg,1.0
355,brain/yes/y797.jpg,1.0
218,brain/no/no450.jpg,0.0
67,brain/no/no245.jpg,0.0
1461,brain/yes/y89.jpg,1.0
151,brain/no/no722.jpg,0.0
883,brain/yes/y1076.jpg,1.0
2,brain/yes/y1425.jpg,1.0
1012,brain/no/no942.jpg,0.0
774,brain/yes/y1293.jpg,1.0
732,brain/yes/y1457.jpg,1.0
336,brain/yes/y620.jpg,1.0
1152,brain/no/no477.jpg,0.0
1283,brain/no/no87.jpg,0.0
1498,brain/yes/y416.jpg,1.0
31,brain/yes/y1021.jpg,1.0
302,brain/no/no876.jpg,0.0
1443,brain/yes/y1005.jpg,1.0
696,brain/no/no154.jpg,0.0
1139,brain/yes/y105.jpg,1.0
244,brain/yes/y1033.jpg,1.0
1248,brain/yes/y411.jpg,1.0
875,brain/no/no824.jpg,0.0
1431,brain/yes/y629.jpg,1.0
770,brain/no/no579.jpg,0.0
527,brain/yes/y1323.jpg,1.0
1228,brain/yes/y1161.jpg,1.0
125,brain/no/no535.jpg,0.0
697,brain/yes/y872.jpg,1.0
1259,brain/yes/y834.jpg,1.0
871,brain/no/no1316.jpg,0.0
967,brain/no/no600.jpg,0.0
923,brain/yes/y1100.jpg,1.0
9,brain/yes/y341.jpg,1.0
1206,brain/yes/y1217.jpg,1.0
1424,brain/yes/y1398.jpg,1.0
1329,brain/no/no673.jpg,0.0
1295,brain/no/no1389.jpg,0.0
1358,brain/yes/y945.jpg,1.0
1311,brain/no/no1148.jpg,0.0
930,brain/no/no1088.jpg,0.0
812,brain/yes/y1456.jpg,1.0
1070,brain/no/no1312.jpg,0.0
590,brain/no/no635.jpg,0.0
395,brain/no/no623.jpg,0.0
559,brain/yes/y902.jpg,1.0
651,brain/yes/y734.jpg,1.0
489,brain/yes/y928.jpg,1.0
1119,brain/no/no362.jpg,0.0
246,brain/no/no900.jpg,0.0
1497,brain/no/no881.jpg,0.0
1168,brain/yes/y610.jpg,1.0
658,brain/yes/y1087.jpg,1.0
1176,brain/yes/y980.jpg,1.0
760,brain/no/no586.jpg,0.0
1029,brain/no/no1258.jpg,0.0
1185,brain/no/no728.jpg,0.0
911,brain/yes/y328.jpg,1.0
1413,brain/yes/y367.jpg,1.0
1227,brain/yes/y639.jpg,1.0
1027,brain/no/no215.jpg,0.0
206,brain/yes/y425.jpg,1.0
613,brain/no/no433.jpg,0.0
1248,brain/no/no1439.jpg,0.0
1181,brain/no/no926.jpg,0.0
1309,brain/no/no878.jpg,0.0
615,brain/yes/y452.jpg,1.0
1086,brain/yes/y138.jpg,1.0
1469,brain/yes/y947.jpg,1.0
593,brain/no/no1122.jpg,0.0
1420,brain/yes/y1367.jpg,1.0
1333,brain/no/no868.jpg,0.0
564,brain/no/no225.jpg,0.0
1303,brain/yes/y1002.jpg,1.0
716,brain/yes/y319.jpg,1.0
1280,brain/no/no1014.jpg,0.0
1045,brain/yes/y853.jpg,1.0
1100,brain/no/no799.jpg,0.0
277,brain/yes/y232.jpg,1.0
1171,brain/no/no1228.jpg,0.0
340,brain/yes/y1150.jpg,1.0
568,brain/yes/y1280.jpg,1.0
1496,brain/yes/y1428.jpg,1.0
744,brain/no/no949.jpg,0.0
86,brain/yes/y7.jpg,1.0
1411,brain/yes/y415.jpg,1.0
822,brain/yes/y1467.jpg,1.0
1437,brain/no/no1239.jpg,0.0
1306,brain/no/no688.jpg,0.0
994,brain/no/no23.jpg,0.0
823,brain/yes/y1301.jpg,1.0
279,brain/no/no1193.jpg,0.0
1402,brain/yes/y603.jpg,1.0
697,brain/no/no1131.jpg,0.0
769,brain/yes/y290.jpg,1.0
725,brain/no/no222.jpg,0.0
1200,brain/yes/y573.jpg,1.0
1389,brain/yes/y763.jpg,1.0
665,brain/no/no234.jpg,0.0
633,brain/yes/y1326.jpg,1.0
493,brain/no/no150.jpg,0.0
490,brain/yes/y914.jpg,1.0
602,brain/no/no816.jpg,0.0
580,brain/no/no345.jpg,0.0
225,brain/yes/y1386.jpg,1.0
653,brain/no/no750.jpg,0.0
497,brain/no/no152.jpg,0.0
215,brain/no/no444.jpg,0.0
210,brain/yes/y419.jpg,1.0
420,brain/yes/y423.jpg,1.0
635,brain/yes/y495.jpg,1.0
109,brain/yes/y1426.jpg,1.0
805,brain/yes/y642.jpg,1.0
1308,brain/yes/y174.jpg,1.0
1149,brain/yes/y461.jpg,1.0
656,brain/no/no1286.jpg,0.0
1247,brain/yes/y405.jpg,1.0
554,brain/no/no755.jpg,0.0
1033,brain/yes/y502.jpg,1.0
1099,brain/no/no941.jpg,0.0
363,brain/no/no1386.jpg,0.0
1461,brain/no/no705.jpg,0.0
762,brain/yes/y253.jpg,1.0
1240,brain/no/no1405.jpg,0.0
1390,brain/yes/y777.jpg,1.0
1313,brain/yes/y148.jpg,1.0
1468,brain/yes/y953.jpg,1.0
882,brain/yes/y1062.jpg,1.0
178,brain/no/no440.jpg,0.0
327,brain/yes/y1434.jpg,1.0
621,brain/no/no1278.jpg,0.0
1293,brain/yes/y1200.jpg,1.0
1488,brain/no/no1199.jpg,0.0
326,brain/no/no241.jpg,0.0
283,brain/yes/y781.jpg,1.0
1306,brain/yes/y835.jpg,1.0
526,brain/yes/y309.jpg,1.0
1137,brain/no/no612.jpg,0.0
757,brain/no/no1078.jpg,0.0
841,brain/no/no951.jpg,0.0
221,brain/yes/y1423.jpg,1.0
973,brain/yes/y1101.jpg,1.0
679,brain/yes/y292.jpg,1.0
73,brain/no/no1368.jpg,0.0
718,brain/yes/y1455.jpg,1.0
623,brain/no/no235.jpg,0.0
956,brain/no/no364.jpg,0.0
1066,brain/no/no439.jpg,0.0
683,brain/no/no195.jpg,0.0
1300,brain/no/no1410.jpg,0.0
483,brain/yes/y525.jpg,1.0
1122,brain/no/no404.jpg,0.0
57,brain/no/no286.jpg,0.0
1319,brain/yes/y362.jpg,1.0
1432,brain/no/no1403.jpg,0.0
130,brain/yes/y1181.jpg,1.0
1047,brain/no/no611.jpg,0.0
405,brain/yes/y2.jpg,1.0
529,brain/yes/y447.jpg,1.0
612,brain/no/no355.jpg,0.0
912,brain/yes/y1464.jpg,1.0
544,brain/no/no966.jpg,0.0
207,brain/no/no1186.jpg,0.0
317,brain/no/no321.jpg,0.0
402,brain/yes/y1145.jpg,1.0
1497,brain/yes/y402.jpg,1.0
69,brain/yes/y963.jpg,1.0
195,brain/yes/y169.jpg,1.0
499,brain/yes/y690.jpg,1.0
1251,brain/yes/y1177.jpg,1.0
200,brain/no/no1145.jpg,0.0
1374,brain/no/no1011.jpg,0.0
1223,brain/yes/y605.jpg,1.0
406,brain/no/no1450.jpg,0.0
575,brain/no/no1452.jpg,0.0
814,brain/yes/y1324.jpg,1.0
23,brain/yes/y816.jpg,1.0
1003,brain/yes/y675.jpg,1.0
612,brain/yes/y1487.jpg,1.0
164,brain/yes/y545.jpg,1.0
250,brain/no/no733.jpg,0.0
1349,brain/yes/y776.jpg,1.0
983,brain/no/no1463.jpg,0.0
1442,brain/no/no260.jpg,0.0
335,brain/no/no719.jpg,0.0
65,brain/yes/y1236.jpg,1.0
1268,brain/no/no1001.jpg,0.0
1462,brain/yes/y1212.jpg,1.0
234,brain/no/no1227.jpg,0.0
291,brain/yes/y1191.jpg,1.0
1059,brain/yes/y1306.jpg,1.0
606,brain/yes/y644.jpg,1.0
1372,brain/yes/y75.jpg,1.0
418,brain/no/no227.jpg,0.0
1364,brain/no/no934.jpg,0.0
190,brain/yes/y155.jpg,1.0
305,brain/no/no1191.jpg,0.0
1218,brain/yes/y822.jpg,1.0
1178,brain/yes/y1014.jpg,1.0
911,brain/no/no205.jpg,0.0
1224,brain/yes/y611.jpg,1.0
429,brain/yes/y450.jpg,1.0
206,brain/no/no685.jpg,0.0
1346,brain/no/no539.jpg,0.0
909,brain/no/no577.jpg,0.0
835,brain/no/no986.jpg,0.0
1359,brain/yes/y574.jpg,1.0
760,brain/yes/y521.jpg,1.0
43,brain/no/no734.jpg,0.0
1090,brain/yes/y689.jpg,1.0
1071,brain/no/no1306.jpg,0.0
167,brain/yes/y86.jpg,1.0
275,brain/no/no1420.jpg,0.0
173,brain/yes/y1221.jpg,1.0
826,brain/yes/y459.jpg,1.0
1124,brain/yes/y1098.jpg,1.0
490,brain/no/no622.jpg,0.0
868,brain/yes/y276.jpg,1.0
1045,brain/no/no188.jpg,0.0
516,brain/no/no1484.jpg,0.0
980,brain/yes/y473.jpg,1.0
1079,brain/no/no565.jpg,0.0
374,brain/no/no1379.jpg,0.0
549,brain/yes/y686.jpg,1.0
492,brain/no/no1135.jpg,0.0
1301,brain/yes/y982.jpg,1.0
1190,brain/no/no2.jpg,0.0
141,brain/yes/y791.jpg,1.0
554,brain/yes/y731.jpg,1.0
1032,brain/yes/y1266.jpg,1.0
1361,brain/no/no1004.jpg,0.0
593,brain/yes/y730.jpg,1.0
437,brain/no/no1083.jpg,0.0
988,brain/yes/y305.jpg,1.0
330,brain/no/no1230.jpg,0.0
1202,brain/no/no1201.jpg,0.0
238,brain/no/no732.jpg,0.0
874,brain/no/no1470.jpg,0.0
917,brain/yes/y472.jpg,1.0
827,brain/no/no25.jpg,0.0
162,brain/yes/y592.jpg,1.0
1455,brain/yes/y77.jpg,1.0
603,brain/no/no180.jpg,0.0
803,brain/no/no602.jpg,0.0
953,brain/no/no1473.jpg,0.0
101,brain/yes/y1430.jpg,1.0
1357,brain/yes/y951.jpg,1.0
981,brain/no/no348.jpg,0.0
829,brain/no/no31.jpg,0.0
1450,brain/yes/y1213.jpg,1.0
287,brain/no/no1150.jpg,0.0
1145,brain/yes/y1311.jpg,1.0
237,brain/no/no1019.jpg,0.0
1470,brain/no/no261.jpg,0.0
1010,brain/no/no943.jpg,0.0
426,brain/yes/y1334.jpg,1.0
208,brain/no/no1192.jpg,0.0
1389,brain/no/no1398.jpg,0.0
523,brain/yes/y1321.jpg,1.0
992,brain/no/no228.jpg,0.0
229,brain/yes/y637.jpg,1.0
845,brain/no/no978.jpg,0.0
661,brain/yes/y250.jpg,1.0
1253,brain/no/no1217.jpg,0.0
231,brain/no/no49.jpg,0.0
557,brain/yes/y1082.jpg,1.0
417,brain/yes/y1421.jpg,1.0
1353,brain/yes/y986.jpg,1.0
10,brain/no/no683.jpg,0.0
1023,brain/yes/y1267.jpg,1.0
1203,brain/yes/y567.jpg,1.0
1320,brain/yes/y404.jpg,1.0
1297,brain/yes/y955.jpg,1.0
86,brain/no/no1195.jpg,0.0
503,brain/yes/y647.jpg,1.0
892,brain/no/no629.jpg,0.0
1337,brain/no/no1366.jpg,0.0
364,brain/no/no1392.jpg,0.0
684,brain/no/no181.jpg,0.0
1413,brain/no/no1159.jpg,0.0
724,brain/yes/y333.jpg,1.0
743,brain/no/no791.jpg,0.0
724,brain/no/no1247.jpg,0.0
1422,brain/no/no664.jpg,0.0
981,brain/yes/y467.jpg,1.0
454,brain/no/no597.jpg,0.0
392,brain/no/no1134.jpg,0.0
738,brain/no/no1051.jpg,0.0
1026,brain/no/no573.jpg,0.0
875,brain/yes/y1274.jpg,1.0
483,brain/no/no187.jpg,0.0
1069,brain/yes/y312.jpg,1.0
444,brain/no/no1096.jpg,0.0
1364,brain/yes/y548.jpg,1.0
499,brain/no/no634.jpg,0.0
1476,brain/no/no42.jpg,0.0
1186,brain/no/no714.jpg,0.0
1472,brain/no/no507.jpg,0.0
545,brain/no/no972.jpg,0.0
381,brain/yes/y543.jpg,1.0
638,brain/no/no976.jpg,0.0
82,brain/yes/y1183.jpg,1.0
939,brain/no/no27.jpg,0.0
870,brain/yes/y504.jpg,1.0
687,brain/no/no630.jpg,0.0
1479,brain/no/no1402.jpg,0.0
650,brain/no/no744.jpg,0.0
856,brain/no/no24.jpg,0.0
439,brain/yes/y1122.jpg,1.0
822,brain/no/no560.jpg,0.0
83,brain/yes/y142.jpg,1.0
766,brain/no/no545.jpg,0.0
748,brain/no/no1093.jpg,0.0
600,brain/yes/y863.jpg,1.0
1134,brain/no/no160.jpg,0.0
1404,brain/yes/y1365.jpg,1.0
413,brain/yes/y392.jpg,1.0
1081,brain/no/no1266.jpg,0.0
605,brain/yes/y1108.jpg,1.0
1223,brain/no/no1177.jpg,0.0
1418,brain/no/no116.jpg,0.0
765,brain/no/no551.jpg,0.0
46,brain/no/no907.jpg,0.0
1245,brain/no/no312.jpg,0.0
358,brain/no/no77.jpg,0.0
819,brain/yes/y332.jpg,1.0
1184,brain/no/no927.jpg,0.0
476,brain/yes/y25.jpg,1.0
1114,brain/no/no202.jpg,0.0
359,brain/no/no268.jpg,0.0
292,brain/yes/y805.jpg,1.0
96,brain/no/no125.jpg,0.0
646,brain/no/no1090.jpg,0.0
783,brain/yes/y252.jpg,1.0
881,brain/yes/y706.jpg,1.0
1074,brain/no/no1460.jpg,0.0
3,brain/yes/y1431.jpg,1.0
901,brain/yes/y470.jpg,1.0
279,brain/yes/y97.jpg,1.0
1377,brain/yes/y561.jpg,1.0
509,brain/yes/y1123.jpg,1.0
438,brain/no/no1097.jpg,0.0
12,brain/yes/y396.jpg,1.0
471,brain/yes/y24.jpg,1.0
466,brain/yes/y530.jpg,1.0
1053,brain/no/no639.jpg,0.0
139,brain/yes/y975.jpg,1.0
192,brain/yes/y627.jpg,1.0
360,brain/yes/y224.jpg,1.0
301,brain/no/no645.jpg,0.0
78,brain/yes/y195.jpg,1.0
411,brain/yes/y1384.jpg,1.0
502,brain/yes/y874.jpg,1.0
1178,brain/no/no715.jpg,0.0
679,brain/no/no1325.jpg,0.0
174,brain/no/no332.jpg,0.0
745,brain/yes/y694.jpg,1.0
702,brain/no/no815.jpg,0.0
1439,brain/yes/y1011.jpg,1.0
747,brain/no/no790.jpg,0.0
311,brain/yes/y1436.jpg,1.0
522,brain/no/no542.jpg,0.0
814,brain/no/no1465.jpg,0.0
914,brain/no/no32.jpg,0.0
102,brain/no/no119.jpg,0.0
79,brain/yes/y1197.jpg,1.0
12,brain/no/no873.jpg,0.0
567,brain/yes/y527.jpg,1.0
1217,brain/yes/y1015.jpg,1.0
1143,brain/yes/y1488.jpg,1.0
90,brain/yes/y618.jpg,1.0
1101,brain/yes/y500.jpg,1.0
455,brain/no/no1294.jpg,0.0
1426,brain/yes/y173.jpg,1.0
346,brain/yes/y1193.jpg,1.0
131,brain/yes/y815.jpg,1.0
742,brain/no/no785.jpg,0.0
66,brain/yes/y793.jpg,1.0
323,brain/yes/y1420.jpg,1.0
1229,brain/no/no676.jpg,0.0
799,brain/yes/y859.jpg,1.0
626,brain/yes/y1468.jpg,1.0
273,brain/no/no323.jpg,0.0
988,brain/no/no1477.jpg,0.0
347,brain/no/no1027.jpg,0.0
1392,brain/no/no316.jpg,0.0
274,brain/yes/y83.jpg,1.0
35,brain/no/no278.jpg,0.0
32,brain/yes/y745.jpg,1.0
248,brain/no/no1024.jpg,0.0
1093,brain/yes/y716.jpg,1.0
291,brain/no/no121.jpg,0.0
1353,brain/no/no1206.jpg,0.0
119,brain/no/no1418.jpg,0.0
1452,brain/no/no1007.jpg,0.0
113,brain/no/no1342.jpg,0.0
1380,brain/yes/y213.jpg,1.0
379,brain/yes/y94.jpg,1.0
1336,brain/yes/y399.jpg,1.0
584,brain/yes/y1256.jpg,1.0
132,brain/no/no509.jpg,0.0
1388,brain/no/no55.jpg,0.0
1402,brain/no/no699.jpg,0.0
203,brain/no/no652.jpg,0.0
1492,brain/yes/y1414.jpg,1.0
1311,brain/yes/y160.jpg,1.0
1191,brain/yes/y566.jpg,1.0
1010,brain/yes/y852.jpg,1.0
1007,brain/yes/y649.jpg,1.0
426,brain/no/no1281.jpg,0.0
106,brain/yes/y1354.jpg,1.0
232,brain/yes/y1153.jpg,1.0
1335,brain/yes/y428.jpg,1.0
594,brain/no/no619.jpg,0.0
412,brain/no/no1478.jpg,0.0
30,brain/yes/y1035.jpg,1.0
213,brain/no/no1347.jpg,0.0
1204,brain/yes/y1203.jpg,1.0
1203,brain/no/no489.jpg,0.0
763,brain/no/no237.jpg,0.0
1425,brain/yes/y1159.jpg,1.0
351,brain/yes/y1030.jpg,1.0
558,brain/no/no1297.jpg,0.0
1005,brain/no/no1073.jpg,0.0
1466,brain/yes/y562.jpg,1.0
524,brain/yes/y1451.jpg,1.0
1383,brain/no/no276.jpg,0.0
541,brain/no/no783.jpg,0.0
282,brain/yes/y959.jpg,1.0
947,brain/yes/y1289.jpg,1.0
1285,brain/yes/y58.jpg,1.0
1324,brain/yes/y1412.jpg,1.0
321,brain/yes/y422.jpg,1.0
1433,brain/no/no466.jpg,0.0
1138,brain/yes/y1107.jpg,1.0
672,brain/yes/y1285.jpg,1.0
265,brain/no/no492.jpg,0.0
622,brain/yes/y1450.jpg,1.0
1127,brain/no/no438.jpg,0.0
83,brain/no/no872.jpg,0.0
341,brain/no/no916.jpg,0.0
403,brain/no/no1336.jpg,0.0
107,brain/no/no694.jpg,0.0
572,brain/no/no1485.jpg,0.0
572,brain/yes/y282.jpg,1.0
320,brain/no/no484.jpg,0.0
386,brain/no/no650.jpg,0.0
215,brain/yes/y1379.jpg,1.0
1067,brain/no/no1474.jpg,0.0
1131,brain/no/no835.jpg,0.0
578,brain/no/no1334.jpg,0.0
197,brain/yes/y1157.jpg,1.0
555,brain/yes/y725.jpg,1.0
1384,brain/yes/y978.jpg,1.0
543,brain/yes/y645.jpg,1.0
1435,brain/no/no1365.jpg,0.0
1377,brain/no/no289.jpg,0.0
171,brain/no/no468.jpg,0.0
336,brain/no/no725.jpg,0.0
38,brain/yes/y786.jpg,1.0
577,brain/no/no351.jpg,0.0
108,brain/no/no1197.jpg,0.0
271,brain/yes/y568.jpg,1.0
1001,brain/yes/y1139.jpg,1.0
136,brain/no/no284.jpg,0.0
627,brain/yes/y456.jpg,1.0
1234,brain/no/no892.jpg,0.0
816,brain/yes/y1442.jpg,1.0
342,brain/yes/y185.jpg,1.0
252,brain/yes/y233.jpg,1.0
819,brain/no/no399.jpg,0.0
501,brain/no/no185.jpg,0.0
1485,brain/yes/y166.jpg,1.0
272,brain/yes/y1224.jpg,1.0
617,brain/yes/y446.jpg,1.0
1073,brain/yes/y1304.jpg,1.0
709,brain/yes/y127.jpg,1.0
808,brain/yes/y1495.jpg,1.0
376,brain/yes/y219.jpg,1.0
329,brain/yes/y387.jpg,1.0
809,brain/no/no372.jpg,0.0
1333,brain/yes/y1364.jpg,1.0
1201,brain/no/no264.jpg,0.0
848,brain/no/no987.jpg,0.0
1383,brain/yes/y788.jpg,1.0
640,brain/yes/y126.jpg,1.0
1348,brain/yes/y831.jpg,1.0
624,brain/yes/y324.jpg,1.0
1132,brain/yes/y850.jpg,1.0
625,brain/yes/y442.jpg,1.0
163,brain/no/no520.jpg,0.0
53,brain/no/no1022.jpg,0.0
804,brain/yes/y124.jpg,1.0
7,brain/yes/y1419.jpg,1.0
543,brain/no/no967.jpg,0.0
608,brain/no/no427.jpg,0.0
247,brain/no/no914.jpg,0.0
1134,brain/yes/y1113.jpg,1.0
1448,brain/yes/y211.jpg,1.0
1115,brain/no/no35.jpg,0.0
208,brain/yes/y1341.jpg,1.0
784,brain/yes/y1278.jpg,1.0
1489,brain/yes/y1399.jpg,1.0
438,brain/yes/y108.jpg,1.0
863,brain/yes/y288.jpg,1.0
209,brain/yes/y1355.jpg,1.0
308,brain/yes/y1344.jpg,1.0
417,brain/no/no1242.jpg,0.0
409,brain/yes/y635.jpg,1.0
469,brain/no/no391.jpg,0.0
1315,brain/yes/y389.jpg,1.0
1241,brain/yes/y1413.jpg,1.0
6,brain/no/no1143.jpg,0.0
277,brain/no/no1408.jpg,0.0
907,brain/yes/y1300.jpg,1.0
1391,brain/no/no470.jpg,0.0
1086,brain/no/no1058.jpg,0.0
52,brain/yes/y53.jpg,1.0
753,brain/no/no753.jpg,0.0
663,brain/yes/y522.jpg,1.0
648,brain/no/no963.jpg,0.0
1062,brain/yes/y1474.jpg,1.0
540,brain/no/no1080.jpg,0.0
1105,brain/no/no996.jpg,0.0
400,brain/yes/y190.jpg,1.0
536,brain/yes/y484.jpg,1.0
463,brain/no/no226.jpg,0.0
1405,brain/yes/y1403.jpg,1.0
26,brain/no/no1382.jpg,0.0
170,brain/yes/y551.jpg,1.0
999,brain/no/no1265.jpg,0.0
888,brain/no/no1102.jpg,0.0
1390,brain/no/no1415.jpg,0.0
759,brain/yes/y247.jpg,1.0
1460,brain/no/no711.jpg,0.0
309,brain/no/no1378.jpg,0.0
1089,brain/yes/y851.jpg,1.0
505,brain/no/no344.jpg,0.0
1477,brain/no/no498.jpg,0.0
343,brain/no/no903.jpg,0.0
477,brain/no/no352.jpg,0.0
1499,brain/no/no895.jpg,0.0
675,brain/yes/y1284.jpg,1.0
1098,brain/no/no955.jpg,0.0
1340,brain/yes/y170.jpg,1.0
1316,brain/no/no111.jpg,0.0
1243,brain/no/no1363.jpg,0.0
858,brain/yes/y1249.jpg,1.0
29,brain/no/no244.jpg,0.0
767,brain/no/no223.jpg,0.0
790,brain/yes/y1091.jpg,1.0
508,brain/no/no422.jpg,0.0
1147,brain/no/no891.jpg,0.0
851,brain/no/no763.jpg,0.0
185,brain/no/no1182.jpg,0.0
284,brain/no/no874.jpg,0.0
683,brain/yes/y523.jpg,1.0
251,brain/yes/y96.jpg,1.0
338,brain/no/no1032.jpg,0.0
1220,brain/yes/y188.jpg,1.0
1009,brain/yes/y846.jpg,1.0
84,brain/yes/y1168.jpg,1.0
1415,brain/no/no658.jpg,0.0
767,brain/yes/y284.jpg,1.0
514,brain/yes/y323.jpg,1.0
40,brain/yes/y1237.jpg,1.0
618,brain/yes/y320.jpg,1.0
1051,brain/no/no163.jpg,0.0
9,brain/no/no697.jpg,0.0
1266,brain/yes/y773.jpg,1.0
352,brain/yes/y768.jpg,1.0
921,brain/no/no761.jpg,0.0
1418,brain/yes/y403.jpg,1.0
1100,brain/yes/y266.jpg,1.0
688,brain/no/no1133.jpg,0.0
755,brain/no/no1044.jpg,0.0
61,brain/yes/y85.jpg,1.0
1231,brain/yes/y361.jpg,1.0
985,brain/no/no360.jpg,0.0
792,brain/yes/y1046.jpg,1.0
1237,brain/no/no845.jpg,0.0
950,brain/yes/y261.jpg,1.0
640,brain/no/no1091.jpg,0.0
1411,brain/no/no896.jpg,0.0
450,brain/no/no1055.jpg,0.0
902,brain/no/no371.jpg,0.0
1089,brain/no/no1064.jpg,0.0
1225,brain/no/no674.jpg,0.0
513,brain/yes/y1484.jpg,1.0
1443,brain/no/no506.jpg,0.0
850,brain/no/no777.jpg,0.0
249,brain/yes/y964.jpg,1.0
97,brain/no/no1140.jpg,0.0
627,brain/no/no547.jpg,0.0
585,brain/no/no190.jpg,0.0
464,brain/yes/y1268.jpg,1.0
356,brain/no/no240.jpg,0.0
1269,brain/yes/y798.jpg,1.0
511,brain/no/no1335.jpg,0.0
993,brain/yes/y1313.jpg,1.0
891,brain/no/no615.jpg,0.0
611,brain/yes/y485.jpg,1.0
481,brain/yes/y257.jpg,1.0
1332,brain/yes/y1370.jpg,1.0
972,brain/no/no1107.jpg,0.0
829,brain/yes/y1329.jpg,1.0
598,brain/no/no631.jpg,0.0
685,brain/no/no817.jpg,0.0
726,brain/yes/y455.jpg,1.0
201,brain/yes/y1396.jpg,1.0
105,brain/no/no858.jpg,0.0
465,brain/no/no39.jpg,0.0
347,brain/yes/y998.jpg,1.0
1299,brain/no/no1376.jpg,0.0
423,brain/yes/y351.jpg,1.0
1187,brain/no/no1017.jpg,0.0
17,brain/no/no1355.jpg,0.0
370,brain/no/no1351.jpg,0.0
60,brain/yes/y220.jpg,1.0
1181,brain/yes/y764.jpg,1.0
1381,brain/no/no1207.jpg,0.0
965,brain/no/no1117.jpg,0.0
1158,brain/no/no1406.jpg,0.0
634,brain/yes/y481.jpg,1.0
1282,brain/no/no298.jpg,0.0
462,brain/no/no232.jpg,0.0
1492,brain/no/no1166.jpg,0.0
125,brain/yes/y140.jpg,1.0
621,brain/yes/y1444.jpg,1.0
813,brain/yes/y1330.jpg,1.0
1269,brain/no/no1029.jpg,0.0
1107,brain/no/no982.jpg,0.0
1439,brain/no/no57.jpg,0.0
523,brain/no/no1241.jpg,0.0
729,brain/yes/y1325.jpg,1.0
582,brain/no/no1446.jpg,0.0
772,brain/no/no1483.jpg,0.0
1489,brain/no/no842.jpg,0.0
18,brain/no/no1341.jpg,0.0
205,brain/no/no875.jpg,0.0
1159,brain/no/no463.jpg,0.0
1362,brain/yes/y206.jpg,1.0
598,brain/yes/y687.jpg,1.0
998,brain/yes/y488.jpg,1.0
586,brain/yes/y1242.jpg,1.0
175,brain/no/no454.jpg,0.0
118,brain/yes/y381.jpg,1.0
247,brain/yes/y958.jpg,1.0
735,brain/no/no1045.jpg,0.0
863,brain/no/no561.jpg,0.0
401,brain/no/no810.jpg,0.0
442,brain/yes/y652.jpg,1.0
34,brain/yes/y989.jpg,1.0
204,brain/no/no861.jpg,0.0
54,brain/no/no721.jpg,0.0
134,brain/yes/y829.jpg,1.0
297,brain/yes/y178.jpg,1.0
834,brain/no/no776.jpg,0.0
719,brain/yes/y457.jpg,1.0
236,brain/yes/y192.jpg,1.0
1304,brain/no/no1362.jpg,0.0
204,brain/yes/y343.jpg,1.0
1114,brain/yes/y529.jpg,1.0
729,brain/no/no29.jpg,0.0
266,brain/no/no1391.jpg,0.0
982,brain/yes/y301.jpg,1.0
789,brain/no/no814.jpg,0.0
550,brain/no/no769.jpg,0.0
257,brain/no/no243.jpg,0.0
1335,brain/no/no1428.jpg,0.0
92,brain/no/no127.jpg,0.0
1415,brain/yes/y371.jpg,1.0
1238,brain/yes/y349.jpg,1.0
811,brain/no/no1471.jpg,0.0
16,brain/yes/y619.jpg,1.0
1473,brain/yes/y1010.jpg,1.0
907,brain/no/no1274.jpg,0.0
1314,brain/no/no677.jpg,0.0
956,brain/yes/y249.jpg,1.0
1462,brain/no/no7.jpg,0.0
290,brain/yes/y1185.jpg,1.0
477,brain/yes/y280.jpg,1.0
1143,brain/no/no661.jpg,0.0
1000,brain/yes/y107.jpg,1.0
377,brain/yes/y1233.jpg,1.0
834,brain/yes/y129.jpg,1.0
726,brain/no/no236.jpg,0.0
576,brain/yes/y32.jpg,1.0
337,brain/no/no1026.jpg,0.0
91,brain/no/no1142.jpg,0.0
1061,brain/yes/y338.jpg,1.0
105,brain/yes/y1424.jpg,1.0
368,brain/yes/y42.jpg,1.0
295,brain/yes/y839.jpg,1.0
567,brain/no/no231.jpg,0.0
460,brain/yes/y1254.jpg,1.0
415,brain/yes/y1353.jpg,1.0
124,brain/no/no496.jpg,0.0
1412,brain/yes/y401.jpg,1.0
1078,brain/yes/y1489.jpg,1.0
249,brain/no/no727.jpg,0.0
996,brain/yes/y1461.jpg,1.0
712,brain/yes/y494.jpg,1.0
776,brain/yes/y291.jpg,1.0
639,brain/no/no962.jpg,0.0
223,brain/yes/y390.jpg,1.0
1011,brain/yes/y715.jpg,1.0
484,brain/yes/y243.jpg,1.0
157,brain/yes/y587.jpg,1.0
871,brain/yes/y1248.jpg,1.0
1271,brain/no/no931.jpg,0.0
737,brain/no/no752.jpg,0.0
1315,brain/no/no1174.jpg,0.0
1150,brain/yes/y307.jpg,1.0
891,brain/yes/y672.jpg,1.0
1470,brain/yes/y748.jpg,1.0
722,brain/yes/y443.jpg,1.0
905,brain/no/no1328.jpg,0.0
1196,brain/no/no258.jpg,0.0
1238,brain/no/no851.jpg,0.0
436,brain/no/no958.jpg,0.0
909,brain/yes/y1316.jpg,1.0
446,brain/yes/y861.jpg,1.0
1112,brain/no/no564.jpg,0.0
878,brain/yes/y935.jpg,1.0
128,brain/yes/y801.jpg,1.0
1065,brain/yes/y304.jpg,1.0
1149,brain/no/no1189.jpg,0.0
1405,brain/no/no114.jpg,0.0
854,brain/yes/y539.jpg,1.0
1419,brain/yes/y1401.jpg,1.0
626,brain/no/no221.jpg,0.0
472,brain/yes/y295.jpg,1.0
534,brain/yes/y1492.jpg,1.0
738,brain/yes/y657.jpg,1.0
43,brain/yes/y84.jpg,1.0
624,brain/no/no1250.jpg,0.0
986,brain/no/no374.jpg,0.0
179,brain/no/no326.jpg,0.0
1007,brain/no/no764.jpg,0.0
421,brain/yes/y1409.jpg,1.0
1478,brain/no/no467.jpg,0.0
55,brain/yes/y46.jpg,1.0
1460,brain/yes/y1206.jpg,1.0
4,brain/yes/y1357.jpg,1.0
1128,brain/yes/y717.jpg,1.0
777,brain/yes/y20.jpg,1.0
1056,brain/yes/y106.jpg,1.0
731,brain/no/no1284.jpg,0.0
631,brain/yes/y1454.jpg,1.0
1072,brain/yes/y306.jpg,1.0
1303,brain/no/no1404.jpg,0.0
810,brain/no/no1317.jpg,0.0
868,brain/no/no401.jpg,0.0
1137,brain/yes/y893.jpg,1.0
141,brain/no/no1008.jpg,0.0
709,brain/no/no430.jpg,0.0
349,brain/no/no88.jpg,0.0
715,brain/no/no1441.jpg,0.0
670,brain/yes/y287.jpg,1.0
407,brain/yes/y153.jpg,1.0
1118,brain/no/no389.jpg,0.0
1126,brain/no/no376.jpg,0.0
424,brain/no/no569.jpg,0.0
310,brain/no/no335.jpg,0.0
312,brain/yes/y1350.jpg,1.0
737,brain/yes/y1494.jpg,1.0
962,brain/yes/y739.jpg,1.0
1476,brain/yes/y1038.jpg,1.0
727,brain/no/no1253.jpg,0.0
937,brain/no/no1077.jpg,0.0
586,brain/no/no184.jpg,0.0
1174,brain/no/no91.jpg,0.0
1450,brain/no/no6.jpg,0.0
329,brain/no/no533.jpg,0.0
546,brain/yes/y137.jpg,1.0
237,brain/yes/y1190.jpg,1.0
324,brain/no/no76.jpg,0.0
758,brain/yes/y910.jpg,1.0
195,brain/no/no642.jpg,0.0
569,brain/no/no1491.jpg,0.0
493,brain/yes/y900.jpg,1.0
515,brain/yes/y1309.jpg,1.0
1189,brain/yes/y228.jpg,1.0
678,brain/no/no1443.jpg,0.0
699,brain/no/no626.jpg,0.0
1018,brain/yes/y926.jpg,1.0
1393,brain/yes/y1198.jpg,1.0
369,brain/yes/y56.jpg,1.0
182,brain/yes/y1023.jpg,1.0
402,brain/no/no804.jpg,0.0
722,brain/no/No15.jpg,0.0
440,brain/no/no964.jpg,0.0
1006,brain/no/no770.jpg,0.0
944,brain/no/no1261.jpg,0.0
689,brain/yes/y912.jpg,1.0
158,brain/no/no71.jpg,0.0
440,brain/yes/y1136.jpg,1.0
646,brain/yes/y668.jpg,1.0
1454,brain/yes/y63.jpg,1.0
601,brain/no/no802.jpg,0.0
1155,brain/no/no311.jpg,0.0
660,brain/no/no220.jpg,0.0
282,brain/no/no684.jpg,0.0
353,brain/yes/y1024.jpg,1.0
480,brain/yes/y1296.jpg,1.0
188,brain/yes/y800.jpg,1.0
1478,brain/yes/y827.jpg,1.0
1125,brain/yes/y918.jpg,1.0
635,brain/no/no751.jpg,0.0
1243,brain/yes/y1407.jpg,1.0
1135,brain/no/no174.jpg,0.0
28,brain/yes/y180.jpg,1.0
446,brain/no/no959.jpg,0.0
1113,brain/yes/y15.jpg,1.0
30,brain/no/no1221.jpg,0.0
320,brain/yes/y344.jpg,1.0
161,brain/no/no246.jpg,0.0
243,brain/no/no901.jpg,0.0
711,brain/yes/y1496.jpg,1.0
1015,brain/no/no765.jpg,0.0
735,brain/yes/y482.jpg,1.0
373,brain/no/no1437.jpg,0.0
1392,brain/yes/y824.jpg,1.0
334,brain/no/no296.jpg,0.0
232,brain/no/no524.jpg,0.0
671,brain/yes/y22.jpg,1.0
94,brain/no/no1156.jpg,0.0
862,brain/no/No18.jpg,0.0
538,brain/yes/y1135.jpg,1.0
935,brain/no/no760.jpg,0.0
199,brain/no/no120.jpg,0.0
1406,brain/no/no672.jpg,0.0
943,brain/yes/y274.jpg,1.0
1215,brain/no/no1188.jpg,0.0
560,brain/yes/y1096.jpg,1.0
366,brain/yes/y1226.jpg,1.0
1351,brain/yes/y1006.jpg,1.0
732,brain/no/no1290.jpg,0.0
1295,brain/yes/y941.jpg,1.0
167,brain/no/no1394.jpg,0.0
516,brain/yes/y445.jpg,1.0
306,brain/no/no1185.jpg,0.0
367,brain/yes/y581.jpg,1.0
1148,brain/no/no885.jpg,0.0
394,brain/no/no145.jpg,0.0
936,brain/yes/y1048.jpg,1.0
535,brain/no/no998.jpg,0.0
1017,brain/no/no1072.jpg,0.0
307,brain/no/no686.jpg,0.0
1328,brain/no/no1170.jpg,0.0
71,brain/yes/y988.jpg,1.0
135,brain/yes/y1022.jpg,1.0
1263,brain/no/no86.jpg,0.0
184,brain/yes/y828.jpg,1.0
902,brain/yes/y316.jpg,1.0
300,brain/yes/y150.jpg,1.0
25,brain/no/no1396.jpg,0.0
1436,brain/no/no499.jpg,0.0
1162,brain/no/no488.jpg,0.0
1235,brain/yes/y1411.jpg,1.0
915,brain/yes/y314.jpg,1.0
842,brain/yes/y854.jpg,1.0
33,brain/no/no536.jpg,0.0
1120,brain/yes/y267.jpg,1.0
723,brain/yes/y1469.jpg,1.0
520,brain/yes/y479.jpg,1.0
1167,brain/no/no1214.jpg,0.0
551,brain/no/no1042.jpg,0.0
1044,brain/no/no836.jpg,0.0
1242,brain/yes/y439.jpg,1.0
1039,brain/yes/y1070.jpg,1.0
5,brain/yes/y355.jpg,1.0
1192,brain/yes/y572.jpg,1.0
151,brain/yes/y87.jpg,1.0
629,brain/no/no1293.jpg,0.0
449,brain/no/no1069.jpg,0.0
924,brain/no/no985.jpg,0.0
273,brain/yes/y226.jpg,1.0
348,brain/no/no718.jpg,0.0
202,brain/yes/y431.jpg,1.0
990,brain/no/no1488.jpg,0.0
1184,brain/yes/y943.jpg,1.0
27,brain/no/no481.jpg,0.0
1199,brain/no/no516.jpg,0.0
1241,brain/no/no460.jpg,0.0
978,brain/no/no837.jpg,0.0
356,brain/yes/y967.jpg,1.0
24,brain/no/no495.jpg,0.0
852,brain/yes/y1088.jpg,1.0
1254,brain/no/no1203.jpg,0.0
1042,brain/no/no349.jpg,0.0
1082,brain/no/no1272.jpg,0.0
1098,brain/yes/y925.jpg,1.0
75,brain/yes/y778.jpg,1.0
623,brain/yes/y1336.jpg,1.0
371,brain/no/no334.jpg,0.0
800,brain/no/no170.jpg,0.0
647,brain/no/no793.jpg,0.0
335,brain/yes/y3.jpg,1.0
705,brain/no/no829.jpg,0.0
1164,brain/yes/y1389.jpg,1.0
689,brain/no/no156.jpg,0.0
1062,brain/no/no834.jpg,0.0
970,brain/no/no638.jpg,0.0
897,brain/yes/y1499.jpg,1.0
1463,brain/no/no1006.jpg,0.0
1160,brain/no/no1348.jpg,0.0
1167,brain/yes/y638.jpg,1.0
370,brain/yes/y595.jpg,1.0
676,brain/no/no432.jpg,0.0
308,brain/no/no309.jpg,0.0
1165,brain/no/no265.jpg,0.0
280,brain/no/no690.jpg,0.0
1442,brain/yes/y749.jpg,1.0
281,brain/no/no848.jpg,0.0
240,brain/no/no1025.jpg,0.0
517,brain/no/no1490.jpg,0.0
285,brain/yes/y1032.jpg,1.0
362,brain/yes/y230.jpg,1.0
1294,brain/no/no273.jpg,0.0
636,brain/yes/y1497.jpg,1.0
693,brain/no/no618.jpg,0.0
461,brain/no/no1257.jpg,0.0
11,brain/yes/y1394.jpg,1.0
1175,brain/yes/y823.jpg,1.0
725,brain/yes/y1319.jpg,1.0
1038,brain/yes/y933.jpg,1.0
654,brain/no/no988.jpg,0.0
965,brain/yes/y856.jpg,1.0
859,brain/no/no1276.jpg,0.0
1040,brain/yes/y728.jpg,1.0
880,brain/yes/y712.jpg,1.0
1372,brain/no/no4.jpg,0.0
58,brain/yes/y234.jpg,1.0
619,brain/no/no16.jpg,0.0
387,brain/yes/y782.jpg,1.0
1252,brain/no/no272.jpg,0.0
344,brain/no/no1033.jpg,0.0
1036,brain/no/no413.jpg,0.0
704,brain/yes/y133.jpg,1.0
611,brain/no/no1330.jpg,0.0
991,brain/yes/y477.jpg,1.0
1358,brain/no/no1038.jpg,0.0
1103,brain/yes/y1258.jpg,1.0
778,brain/no/no1440.jpg,0.0
449,brain/yes/y685.jpg,1.0
1465,brain/yes/y576.jpg,1.0
15,brain/no/no456.jpg,0.0
1123,brain/no/no410.jpg,0.0
470,brain/yes/y281.jpg,1.0
253,brain/no/no280.jpg,0.0
954,brain/yes/y1277.jpg,1.0
1170,brain/yes/y1148.jpg,1.0
1046,brain/yes/y847.jpg,1.0
1287,brain/yes/y1228.jpg,1.0
372,brain/no/no452.jpg,0.0
214,brain/no/no322.jpg,0.0
601,brain/yes/y888.jpg,1.0
838,brain/no/no979.jpg,0.0
1428,brain/no/no1371.jpg,0.0
1182,brain/yes/y1028.jpg,1.0
1071,brain/yes/y460.jpg,1.0
806,brain/no/no819.jpg,0.0
383,brain/no/no122.jpg,0.0
40,brain/no/no293.jpg,0.0
1375,brain/no/no1039.jpg,0.0
699,brain/yes/y696.jpg,1.0
1339,brain/yes/y616.jpg,1.0
1490,brain/yes/y1372.jpg,1.0
375,brain/no/no308.jpg,0.0
794,brain/no/no155.jpg,0.0
534,brain/no/no1043.jpg,0.0
832,brain/yes/y1498.jpg,1.0
971,brain/yes/y665.jpg,1.0
569,brain/yes/y1294.jpg,1.0
1327,brain/no/no115.jpg,0.0
177,brain/yes/y960.jpg,1.0
467,brain/no/no1486.jpg,0.0
405,brain/no/no435.jpg,0.0
664,brain/yes/y244.jpg,1.0
1291,brain/yes/y558.jpg,1.0
1305,brain/no/no307.jpg,0.0
757,brain/yes/y1084.jpg,1.0
692,brain/yes/y709.jpg,1.0
926,brain/yes/y664.jpg,1.0
214,brain/yes/y353.jpg,1.0
649,brain/yes/y867.jpg,1.0
242,brain/yes/y743.jpg,1.0
1429,brain/no/no314.jpg,0.0
391,brain/no/no151.jpg,0.0
812,brain/no/no414.jpg,0.0
1486,brain/no/no1358.jpg,0.0
750,brain/no/no784.jpg,0.0
140,brain/no/no1020.jpg,0.0
998,brain/no/no200.jpg,0.0
1000,brain/no/no566.jpg,0.0
244,brain/no/no929.jpg,0.0
946,brain/yes/y12.jpg,1.0
894,brain/no/no198.jpg,0.0
488,brain/yes/y1255.jpg,1.0
978,brain/yes/y315.jpg,1.0
1293,brain/no/no1216.jpg,0.0
486,brain/yes/y1241.jpg,1.0
397,brain/yes/y1186.jpg,1.0
505,brain/yes/y135.jpg,1.0
361,brain/no/no63.jpg,0.0
450,brain/yes/y1056.jpg,1.0
966,brain/yes/y842.jpg,1.0
530,brain/no/no581.jpg,0.0
44,brain/no/no1037.jpg,0.0
434,brain/yes/y1485.jpg,1.0
1474,brain/yes/y984.jpg,1.0
1440,brain/yes/y985.jpg,1.0
1109,brain/yes/y299.jpg,1.0
1407,brain/yes/y1417.jpg,1.0
220,brain/yes/y409.jpg,1.0
553,brain/no/no999.jpg,0.0
267,brain/yes/y583.jpg,1.0
1371,brain/yes/y61.jpg,1.0
1409,brain/no/no1165.jpg,0.0
830,brain/no/no1288.jpg,0.0
1280,brain/yes/y59.jpg,1.0
969,brain/no/no166.jpg,0.0
545,brain/yes/y889.jpg,1.0
811,brain/yes/y497.jpg,1.0
187,brain/no/no859.jpg,0.0
1173,brain/yes/y837.jpg,1.0
557,brain/no/no1283.jpg,0.0
419,brain/no/no541.jpg,0.0
316,brain/no/no1344.jpg,0.0
135,brain/no/no290.jpg,0.0
153,brain/yes/y1208.jpg,1.0
935,brain/yes/y704.jpg,1.0
701,brain/no/no140.jpg,0.0
447,brain/no/no781.jpg,0.0
930,brain/yes/y857.jpg,1.0
300,brain/no/no1146.jpg,0.0
976,brain/no/no176.jpg,0.0
176,brain/no/no1431.jpg,0.0
740,brain/no/no975.jpg,0.0
358,brain/yes/y542.jpg,1.0
361,brain/yes/y95.jpg,1.0
202,brain/no/no134.jpg,0.0
1385,brain/no/no510.jpg,0.0
1471,brain/yes/y990.jpg,1.0
953,brain/yes/y275.jpg,1.0
1008,brain/yes/y891.jpg,1.0
853,brain/no/no1289.jpg,0.0
1085,brain/yes/y1112.jpg,1.0
390,brain/no/no637.jpg,0.0
555,brain/no/no1056.jpg,0.0
1296,brain/yes/y799.jpg,1.0
547,brain/yes/y862.jpg,1.0
458,brain/yes/y929.jpg,1.0
747,brain/yes/y680.jpg,1.0
631,brain/no/no584.jpg,0.0
905,brain/yes/y458.jpg,1.0
879,brain/yes/y921.jpg,1.0
721,brain/no/no578.jpg,0.0
1073,brain/no/no405.jpg,0.0
313,brain/no/no453.jpg,0.0
1384,brain/no/no69.jpg,0.0
26,brain/yes/y802.jpg,1.0
1421,brain/yes/y1373.jpg,1.0
748,brain/yes/y870.jpg,1.0
108,brain/yes/y1432.jpg,1.0
396,brain/no/no1108.jpg,0.0
76,brain/yes/y1034.jpg,1.0
57,brain/yes/y552.jpg,1.0
452,brain/no/no742.jpg,0.0
441,brain/no/no970.jpg,0.0
355,brain/no/no1225.jpg,0.0
527,brain/no/no218.jpg,0.0
854,brain/no/no30.jpg,0.0
149,brain/no/no1009.jpg,0.0
1312,brain/yes/y1162.jpg,1.0
1494,brain/no/no671.jpg,0.0
84,brain/no/no682.jpg,0.0
497,brain/yes/y1057.jpg,1.0
323,brain/no/no62.jpg,0.0
589,brain/yes/y1083.jpg,1.0
1157,brain/no/no1360.jpg,0.0
637,brain/yes/y1483.jpg,1.0
1438,brain/yes/y1039.jpg,1.0
846,brain/yes/y1077.jpg,1.0
1321,brain/yes/y1406.jpg,1.0
794,brain/yes/y736.jpg,1.0
1371,brain/no/no706.jpg,0.0
796,brain/no/no1118.jpg,0.0
468,brain/yes/y18.jpg,1.0
605,brain/no/no1318.jpg,0.0
656,brain/yes/y1050.jpg,1.0
852,brain/no/no1060.jpg,0.0
1017,brain/yes/y932.jpg,1.0
1466,brain/no/no81.jpg,0.0
1067,brain/yes/y462.jpg,1.0
1140,brain/no/no113.jpg,0.0
1351,brain/no/no68.jpg,0.0
191,brain/yes/y633.jpg,1.0
1436,brain/yes/y761.jpg,1.0
1028,brain/no/no1270.jpg,0.0
1072,brain/no/no363.jpg,0.0
676,brain/yes/y23.jpg,1.0
211,brain/no/no478.jpg,0.0
1406,brain/yes/y429.jpg,1.0
740,brain/yes/y125.jpg,1.0
1058,brain/yes/y1460.jpg,1.0
262,brain/no/no60.jpg,0.0
1456,brain/yes/y588.jpg,1.0
217,brain/yes/y1437.jpg,1.0
239,brain/yes/y810.jpg,1.0
448,brain/yes/y691.jpg,1.0
562,brain/yes/y1243.jpg,1.0
867,brain/no/no1464.jpg,0.0
974,brain/no/no610.jpg,0.0
1212,brain/no/no310.jpg,0.0
299,brain/yes/y636.jpg,1.0
827,brain/yes/y471.jpg,1.0
1002,brain/no/no994.jpg,0.0
289,brain/yes/y811.jpg,1.0
1421,brain/no/no102.jpg,0.0
129,brain/yes/y1195.jpg,1.0
910,brain/no/no563.jpg,0.0
1188,brain/no/no1003.jpg,0.0
536,brain/no/no740.jpg,0.0
339,brain/yes/y608.jpg,1.0
780,brain/yes/y1244.jpg,1.0
711,brain/no/no1333.jpg,0.0
1349,brain/no/no1212.jpg,0.0
556,brain/yes/y1069.jpg,1.0
16,brain/no/no330.jpg,0.0
1292,brain/no/no515.jpg,0.0
721,brain/yes/y325.jpg,1.0
1068,brain/no/no411.jpg,0.0
1423,brain/no/no857.jpg,0.0
115,brain/yes/y356.jpg,1.0
741,brain/yes/y643.jpg,1.0
431,brain/no/no1040.jpg,0.0
602,brain/yes/y650.jpg,1.0
1153,brain/yes/y475.jpg,1.0
87,brain/yes/y630.jpg,1.0
1014,brain/yes/y729.jpg,1.0
1438,brain/no/no43.jpg,0.0
922,brain/no/no991.jpg,0.0
1191,brain/no/no90.jpg,0.0
457,brain/no/no583.jpg,0.0
539,brain/no/no1094.jpg,0.0
916,brain/no/no239.jpg,0.0
890,brain/no/no173.jpg,0.0
1041,brain/no/no1304.jpg,0.0
1407,brain/no/no666.jpg,0.0
595,brain/yes/y1054.jpg,1.0
333,brain/no/no89.jpg,0.0
606,brain/no/no369.jpg,0.0
18,brain/yes/y157.jpg,1.0
1488,brain/yes/y614.jpg,1.0
506,brain/no/no1321.jpg,0.0
1183,brain/no/no933.jpg,0.0
628,brain/no/no590.jpg,0.0
310,brain/yes/y1422.jpg,1.0
104,brain/yes/y1342.jpg,1.0
269,brain/no/no451.jpg,0.0
1326,brain/no/no101.jpg,0.0
600,brain/no/no1132.jpg,0.0
786,brain/yes/y520.jpg,1.0
1192,brain/no/no84.jpg,0.0
768,brain/no/no1246.jpg,0.0
267,brain/no/no1385.jpg,0.0
856,brain/yes/y1261.jpg,1.0
1146,brain/yes/y1305.jpg,1.0
1393,brain/no/no1373.jpg,0.0
658,brain/no/no591.jpg,0.0
804,brain/no/no1129.jpg,0.0
32,brain/no/no250.jpg,0.0
881,brain/no/no165.jpg,0.0
565,brain/yes/y255.jpg,1.0
927,brain/yes/y670.jpg,1.0
997,brain/yes/y1307.jpg,1.0
278,brain/no/no479.jpg,0.0
241,brain/yes/y757.jpg,1.0
828,brain/yes/y317.jpg,1.0
512,brain/yes/y1490.jpg,1.0
979,brain/no/no189.jpg,0.0
133,brain/no/no70.jpg,0.0
307,brain/yes/y385.jpg,1.0
353,brain/no/no254.jpg,0.0
155,brain/yes/y50.jpg,1.0
261,brain/yes/y55.jpg,1.0
850,brain/yes/y920.jpg,1.0
38,brain/no/no98.jpg,0.0
266,brain/yes/y40.jpg,1.0
1233,brain/no/no886.jpg,0.0
1188,brain/yes/y1202.jpg,1.0
74,brain/yes/y1020.jpg,1.0
350,brain/no/no297.jpg,0.0
1232,brain/yes/y375.jpg,1.0
669,brain/no/no397.jpg,0.0
716,brain/no/no424.jpg,0.0
1429,brain/yes/y167.jpg,1.0
706,brain/yes/y655.jpg,1.0
348,brain/yes/y740.jpg,1.0
1447,brain/no/no80.jpg,0.0
736,brain/yes/y1480.jpg,1.0
962,brain/no/no199.jpg,0.0
525,brain/yes/y1337.jpg,1.0
1239,brain/yes/y1405.jpg,1.0
671,brain/no/no1480.jpg,0.0
439,brain/no/no794.jpg,0.0
1144,brain/no/no1162.jpg,0.0
754,brain/yes/y938.jpg,1.0
1307,brain/yes/y821.jpg,1.0
442,brain/no/no971.jpg,0.0
915,brain/no/no26.jpg,0.0
1001,brain/no/no599.jpg,0.0
376,brain/no/no1184.jpg,0.0
264,brain/yes/y69.jpg,1.0
1266,brain/no/no0.jpg,0.0
790,brain/no/no627.jpg,0.0
1379,brain/no/no504.jpg,0.0
610,brain/no/no1324.jpg,0.0
632,brain/no/no779.jpg,0.0
1425,brain/no/no843.jpg,0.0
887,brain/yes/y855.jpg,1.0
1264,brain/yes/y1017.jpg,1.0
178,brain/yes/y974.jpg,1.0
563,brain/no/no543.jpg,0.0
1161,brain/no/no339.jpg,0.0
537,brain/no/no768.jpg,0.0
887,brain/no/no167.jpg,0.0
504,brain/yes/y121.jpg,1.0
1043,brain/yes/y714.jpg,1.0
982,brain/no/no406.jpg,0.0
1127,brain/yes/y1073.jpg,1.0
784,brain/no/no1468.jpg,0.0
1347,brain/yes/y825.jpg,1.0
960,brain/yes/y1049.jpg,1.0
739,brain/yes/y131.jpg,1.0
782,brain/yes/y534.jpg,1.0
44,brain/yes/y221.jpg,1.0
437,brain/yes/y487.jpg,1.0
1376,brain/yes/y207.jpg,1.0
1088,brain/no/no997.jpg,0.0
256,brain/no/no1226.jpg,0.0
1274,brain/no/no930.jpg,0.0
501,brain/yes/y860.jpg,1.0
1236,brain/no/no879.jpg,0.0
187,brain/yes/y814.jpg,1.0
19,brain/no/no324.jpg,0.0
1121,brain/yes/y501.jpg,1.0
62,brain/yes/y546.jpg,1.0
78,brain/no/no457.jpg,0.0
36,brain/yes/y962.jpg,1.0
285,brain/no/no860.jpg,0.0
1008,brain/no/no1067.jpg,0.0
529,brain/no/no595.jpg,0.0
357,brain/no/no526.jpg,0.0
717,brain/yes/y1333.jpg,1.0
1379,brain/yes/y1239.jpg,1.0
1083,brain/yes/y892.jpg,1.0
696,brain/yes/y1079.jpg,1.0
326,brain/yes/y1352.jpg,1.0
315,brain/yes/y434.jpg,1.0
843,brain/no/no788.jpg,0.0
617,brain/no/no396.jpg,0.0
587,brain/yes/y903.jpg,1.0
749,brain/no/no1087.jpg,0.0
1424,brain/no/no1198.jpg,0.0
974,brain/yes/y1115.jpg,1.0
1113,brain/no/no1267.jpg,0.0
364,brain/yes/y218.jpg,1.0
1258,brain/no/no528.jpg,0.0
869,brain/no/no367.jpg,0.0
1342,brain/yes/y158.jpg,1.0
943,brain/no/no562.jpg,0.0
872,brain/no/no373.jpg,0.0
175,brain/yes/y948.jpg,1.0
115,brain/no/no333.jpg,0.0
550,brain/yes/y692.jpg,1.0
1361,brain/yes/y212.jpg,1.0
906,brain/yes/y1466.jpg,1.0
447,brain/yes/y849.jpg,1.0
1024,brain/yes/y1273.jpg,1.0
1458,brain/yes/y76.jpg,1.0
1039,brain/no/no407.jpg,0.0
1486,brain/yes/y1158.jpg,1.0
303,brain/yes/y1.jpg,1.0
1350,brain/yes/y762.jpg,1.0
670,brain/no/no1494.jpg,0.0
1209,brain/no/no1407.jpg,0.0
817,brain/no/no428.jpg,0.0
146,brain/no/no905.jpg,0.0
1197,brain/yes/y73.jpg,1.0
828,brain/no/no548.jpg,0.0
770,brain/yes/y35.jpg,1.0
64,brain/no/no537.jpg,0.0
1104,brain/yes/y272.jpg,1.0
378,brain/yes/y231.jpg,1.0
479,brain/no/no1451.jpg,0.0
984,brain/no/no1305.jpg,0.0
775,brain/yes/y34.jpg,1.0
1270,brain/yes/y940.jpg,1.0
77,brain/yes/y181.jpg,1.0
866,brain/no/no429.jpg,0.0
154,brain/no/no736.jpg,0.0
283,brain/no/no1187.jpg,0.0
1473,brain/no/no56.jpg,0.0
138,brain/no/no737.jpg,0.0
430,brain/no/no743.jpg,0.0
831,brain/no/no762.jpg,0.0
37,brain/no/no73.jpg,0.0
127,brain/no/no253.jpg,0.0
610,brain/yes/y491.jpg,1.0
581,brain/yes/y526.jpg,1.0
35,brain/yes/y751.jpg,1.0
1231,brain/no/no1175.jpg,0.0
1063,brain/yes/y476.jpg,1.0
1260,brain/no/no45.jpg,0.0
486,brain/no/no178.jpg,0.0
1094,brain/yes/y1072.jpg,1.0
1345,brain/yes/y819.jpg,1.0
411,brain/no/no409.jpg,0.0
940,brain/yes/y248.jpg,1.0
1166,brain/no/no271.jpg,0.0
51,brain/no/no735.jpg,0.0
219,brain/no/no336.jpg,0.0
228,brain/no/no1233.jpg,0.0
713,brain/yes/y480.jpg,1.0
938,brain/no/no589.jpg,0.0
947,brain/no/no1275.jpg,0.0
1374,brain/yes/y549.jpg,1.0
306,brain/yes/y391.jpg,1.0
587,brain/no/no609.jpg,0.0
1403,brain/yes/y398.jpg,1.0
1126,brain/yes/y1067.jpg,1.0
379,brain/no/no1190.jpg,0.0
728,brain/no/no550.jpg,0.0
36,brain/no/no1209.jpg,0.0
1350,brain/no/no511.jpg,0.0
34,brain/no/no67.jpg,0.0
192,brain/no/no1155.jpg,0.0
100,brain/yes/y1418.jpg,1.0
160,brain/yes/y45.jpg,1.0
1020,brain/no/no981.jpg,0.0
1277,brain/yes/y565.jpg,1.0
475,brain/yes/y294.jpg,1.0
1121,brain/no/no1461.jpg,0.0
866,brain/yes/y289.jpg,1.0
841,brain/yes/y101.jpg,1.0
395,brain/yes/y806.jpg,1.0
1141,brain/no/no1176.jpg,0.0
941,brain/no/no1249.jpg,0.0
643,brain/no/no1085.jpg,0.0
311,brain/no/no1350.jpg,0.0
1285,brain/no/no44.jpg,0.0
607,brain/yes/y1120.jpg,1.0
1302,brain/no/no461.jpg,0.0
833,brain/yes/y1103.jpg,1.0
49,brain/yes/y47.jpg,1.0
964,brain/no/no172.jpg,0.0
1084,brain/no/no571.jpg,0.0
103,brain/no/no1168.jpg,0.0
532,brain/no/no754.jpg,0.0
365,brain/no/no491.jpg,0.0
1124,brain/no/no1475.jpg,0.0
763,brain/yes/y1279.jpg,1.0
461,brain/yes/y1240.jpg,1.0
809,brain/yes/y1481.jpg,1.0
1490,brain/no/no856.jpg,0.0
157,brain/no/no65.jpg,0.0
1417,brain/no/no670.jpg,0.0
674,brain/no/no1331.jpg,0.0
1286,brain/yes/y564.jpg,1.0
71,brain/no/no1397.jpg,0.0
331,brain/yes/y1391.jpg,1.0
807,brain/no/no831.jpg,0.0
144,brain/yes/y1220.jpg,1.0
680,brain/no/no340.jpg,0.0
995,brain/yes/y1475.jpg,1.0
1276,brain/no/no1028.jpg,0.0
1366,brain/no/no908.jpg,0.0
1491,brain/yes/y358.jpg,1.0
1095,brain/yes/y1066.jpg,1.0
256,brain/yes/y541.jpg,1.0
1289,brain/yes/y216.jpg,1.0
830,brain/yes/y303.jpg,1.0
1128,brain/no/no1449.jpg,0.0
234,brain/yes/y186.jpg,1.0
1021,brain/no/no995.jpg,0.0
1334,brain/no/no459.jpg,0.0
1081,brain/yes/y104.jpg,1.0
798,brain/yes/y681.jpg,1.0
1321,brain/no/no1158.jpg,0.0
212,brain/no/no1409.jpg,0.0
1229,brain/yes/y1388.jpg,1.0
79,brain/no/no1432.jpg,0.0
1022,brain/no/no598.jpg,0.0
547,brain/no/no782.jpg,0.0
1388,brain/yes/y993.jpg,1.0
1020,brain/yes/y517.jpg,1.0
1027,brain/yes/y17.jpg,1.0
1077,brain/yes/y1310.jpg,1.0
120,brain/no/no469.jpg,0.0
530,brain/yes/y321.jpg,1.0
381,brain/no/no877.jpg,0.0
518,brain/yes/y337.jpg,1.0
221,brain/no/no1384.jpg,0.0
94,brain/yes/y1395.jpg,1.0
351,brain/no/no283.jpg,0.0
840,brain/yes/y667.jpg,1.0
1228,brain/no/no662.jpg,0.0
799,brain/no/no1115.jpg,0.0
1382,brain/no/no1213.jpg,0.0
932,brain/no/no748.jpg,0.0
487,brain/no/no1109.jpg,0.0
1129,brain/yes/y703.jpg,1.0
341,brain/yes/y191.jpg,1.0
194,brain/no/no124.jpg,0.0
1475,brain/yes/y774.jpg,1.0
480,brain/no/no434.jpg,0.0
1056,brain/no/no1110.jpg,0.0
991,brain/no/no37.jpg,0.0
1177,brain/yes/y758.jpg,1.0
404,brain/no/no353.jpg,0.0
188,brain/no/no1169.jpg,0.0
207,brain/yes/y1427.jpg,1.0
118,brain/no/no455.jpg,0.0
1212,brain/yes/y1029.jpg,1.0
886,brain/no/no601.jpg,0.0
171,brain/yes/y579.jpg,1.0
759,brain/no/no592.jpg,0.0
473,brain/yes/y30.jpg,1.0
502,brain/no/no191.jpg,0.0
498,brain/yes/y684.jpg,1.0
422,brain/no/no233.jpg,0.0
776,brain/no/no343.jpg,0.0
121,brain/no/no482.jpg,0.0
1320,brain/no/no883.jpg,0.0
1314,brain/yes/y1176.jpg,1.0
154,brain/yes/y78.jpg,1.0
1235,brain/no/no1149.jpg,0.0
608,brain/yes/y1134.jpg,1.0
669,brain/yes/y36.jpg,1.0
68,brain/no/no1383.jpg,0.0
805,brain/no/no158.jpg,0.0
1254,brain/yes/y607.jpg,1.0
1216,brain/yes/y981.jpg,1.0
233,brain/yes/y1147.jpg,1.0
682,brain/yes/y1247.jpg,1.0
1474,brain/no/no249.jpg,0.0
274,brain/no/no1346.jpg,0.0
68,brain/yes/y977.jpg,1.0
664,brain/no/no1251.jpg,0.0
443,brain/no/no965.jpg,0.0
1465,brain/no/no95.jpg,0.0
1175,brain/no/no1002.jpg,0.0
1312,brain/no/no139.jpg,0.0
1357,brain/no/no83.jpg,0.0
429,brain/no/no1295.jpg,0.0
928,brain/yes/y116.jpg,1.0
150,brain/yes/y544.jpg,1.0
222,brain/no/no487.jpg,0.0
1156,brain/no/no305.jpg,0.0
1396,brain/no/no464.jpg,0.0
74,brain/no/no325.jpg,0.0
1242,brain/no/no306.jpg,0.0
1380,brain/no/no262.jpg,0.0
985,brain/yes/y1465.jpg,1.0
180,brain/no/no1343.jpg,0.0
1298,brain/no/no313.jpg,0.0
1146,brain/no/no649.jpg,0.0
1260,brain/yes/y1188.jpg,1.0
410,brain/yes/y1390.jpg,1.0
1139,brain/no/no148.jpg,0.0
272,brain/no/no337.jpg,0.0
496,brain/yes/y1043.jpg,1.0
111,brain/no/no441.jpg,0.0
625,brain/no/no1244.jpg,0.0
1310,brain/yes/y606.jpg,1.0
3,brain/no/no640.jpg,0.0
510,brain/no/no1453.jpg,0.0
265,brain/yes/y68.jpg,1.0
715,brain/yes/y1327.jpg,1.0
443,brain/yes/y646.jpg,1.0
159,brain/yes/y586.jpg,1.0
380,brain/yes/y557.jpg,1.0
1467,brain/yes/y204.jpg,1.0
197,brain/no/no108.jpg,0.0
1449,brain/yes/y577.jpg,1.0
223,brain/no/no493.jpg,0.0
645,brain/yes/y1124.jpg,1.0
245,brain/no/no928.jpg,0.0
1176,brain/no/no3.jpg,0.0
1247,brain/no/no1411.jpg,0.0
739,brain/no/no961.jpg,0.0
1403,brain/no/no841.jpg,0.0
457,brain/yes/y1081.jpg,1.0
137,brain/no/no1034.jpg,0.0
1083,brain/no/no217.jpg,0.0
1187,brain/yes/y1216.jpg,1.0
698,brain/yes/y866.jpg,1.0
938,brain/yes/y923.jpg,1.0
1288,brain/yes/y202.jpg,1.0
522,brain/yes/y1447.jpg,1.0
636,brain/no/no745.jpg,0.0
1275,brain/no/no918.jpg,0.0
378,brain/no/no693.jpg,0.0
984,brain/yes/y329.jpg,1.0
538,brain/no/no797.jpg,0.0
835,brain/yes/y897.jpg,1.0
1370,brain/yes/y49.jpg,1.0
628,brain/yes/y330.jpg,1.0
1108,brain/yes/y14.jpg,1.0
588,brain/no/no1136.jpg,0.0
109,brain/no/no864.jpg,0.0
1058,brain/no/no613.jpg,0.0
926,brain/no/no1089.jpg,0.0
807,brain/yes/y130.jpg,1.0
444,brain/yes/y120.jpg,1.0
1048,brain/yes/y890.jpg,1.0
964,brain/yes/y1061.jpg,1.0
934,brain/no/no1063.jpg,0.0
193,brain/yes/y4.jpg,1.0
1434,brain/yes/y826.jpg,1.0
594,brain/yes/y718.jpg,1.0
455,brain/yes/y901.jpg,1.0
62,brain/no/no251.jpg,0.0
532,brain/yes/y453.jpg,1.0
1061,brain/no/no1104.jpg,0.0
1365,brain/no/no920.jpg,0.0
720,brain/yes/y331.jpg,1.0
1169,brain/no/no46.jpg,0.0
691,brain/yes/y1051.jpg,1.0
1246,brain/yes/y363.jpg,1.0
1359,brain/no/no713.jpg,0.0
313,brain/yes/y352.jpg,1.0
1445,brain/no/no274.jpg,0.0
481,brain/no/no805.jpg,0.0
70,brain/no/no494.jpg,0.0
410,brain/no/no1322.jpg,0.0
1054,brain/yes/y674.jpg,1.0
791,brain/no/no141.jpg,0.0
471,brain/no/no1479.jpg,0.0
877,brain/no/no818.jpg,0.0
876,brain/yes/y909.jpg,1.0
1004,brain/no/no758.jpg,0.0
152,brain/yes/y222.jpg,1.0
904,brain/yes/y1472.jpg,1.0
1123,brain/yes/y924.jpg,1.0
70,brain/yes/y750.jpg,1.0
1499,brain/yes/y370.jpg,1.0
1487,brain/yes/y172.jpg,1.0
1441,brain/no/no1205.jpg,0.0
1190,brain/yes/y200.jpg,1.0
945,brain/no/no204.jpg,0.0
1105,brain/yes/y1270.jpg,1.0
342,brain/no/no917.jpg,0.0
227,brain/yes/y0.jpg,1.0
1109,brain/no/no216.jpg,0.0
1033,brain/no/no1489.jpg,0.0
1274,brain/yes/y1215.jpg,1.0
303,brain/no/no862.jpg,0.0
1437,brain/yes/y775.jpg,1.0
969,brain/yes/y1129.jpg,1.0
712,brain/no/no356.jpg,0.0
526,brain/no/No13.jpg,0.0
212,brain/yes/y421.jpg,1.0
560,brain/no/no219.jpg,0.0
733,brain/yes/y1331.jpg,1.0
25,brain/yes/y1196.jpg,1.0
861,brain/yes/y511.jpg,1.0
229,brain/no/no256.jpg,0.0
672,brain/no/no383.jpg,0.0
495,brain/no/no1123.jpg,0.0
173,brain/no/no1357.jpg,0.0
903,brain/no/no1314.jpg,0.0
1480,brain/no/no1364.jpg,0.0
1467,brain/no/no513.jpg,0.0
1219,brain/yes/y836.jpg,1.0
2,brain/no/no654.jpg,0.0
401,brain/yes/y1151.jpg,1.0
1273,brain/yes/y559.jpg,1.0
1035,brain/yes/y270.jpg,1.0
751,brain/yes/y737.jpg,1.0
949,brain/no/no1498.jpg,0.0
1036,brain/yes/y516.jpg,1.0
708,brain/yes/y641.jpg,1.0
997,brain/no/no214.jpg,0.0
183,brain/yes/y196.jpg,1.0
1040,brain/no/no361.jpg,0.0
137,brain/yes/y752.jpg,1.0
824,brain/yes/y1315.jpg,1.0
865,brain/yes/y10.jpg,1.0
482,brain/yes/y531.jpg,1.0
821,brain/no/no1263.jpg,0.0
454,brain/yes/y1095.jpg,1.0
281,brain/yes/y971.jpg,1.0
98,brain/yes/y354.jpg,1.0
931,brain/yes/y1060.jpg,1.0
678,brain/yes/y37.jpg,1.0
570,brain/yes/y296.jpg,1.0
301,brain/yes/y144.jpg,1.0
5,brain/no/no126.jpg,0.0
898,brain/no/no403.jpg,0.0
434,brain/no/no1068.jpg,0.0
205,brain/yes/y1369.jpg,1.0
1170,brain/no/no259.jpg,0.0
1459,brain/no/no1012.jpg,0.0
1267,brain/yes/y767.jpg,1.0
1142,brain/no/no675.jpg,0.0
788,brain/no/no800.jpg,0.0
1158,brain/yes/y1376.jpg,1.0
952,brain/no/no416.jpg,0.0
318,brain/yes/y436.jpg,1.0
921,brain/yes/y880.jpg,1.0
1396,brain/yes/y1167.jpg,1.0
103,brain/yes/y368.jpg,1.0
64,brain/yes/y1222.jpg,1.0
1014,brain/no/no956.jpg,0.0
1096,brain/no/no968.jpg,0.0
1365,brain/yes/y1204.jpg,1.0
179,brain/yes/y747.jpg,1.0
408,brain/no/no421.jpg,0.0
